{"Hide borders": 100, "Transition duration": 0.149113235549272, "Transition Blur": 29.20132985052444, "Initial zoom": 0.9462596509229557, "Pixel squareness": 0}