{"Hide borders": 61.93559602392653, "Transition duration": 0.49793304334962907, "Transition Blur": 2.5489998375625325, "Initial zoom": 1.0044173006663664, "Pixel squareness": 0}